Predictor,AUC
high_penalty,1
harsh,0.5097755013616954
home_bias,0.5086884846870575
tenure_0to5,0.5045919255717524
tenure_10plus,0.5025780652093025
tenure_5to10,0.5020138603624499
